RecordNumber,EventRecordId,TimeCreated,EventId,Level,Provider,Channel,ProcessId,ThreadId,Computer,ChunkNumber,UserId,MapDescription,UserName,RemoteHost,PayloadData1,PayloadData2,PayloadData3,PayloadData4,PayloadData5,PayloadData6,ExecutableInfo,HiddenRecord,SourceFile,Keywords,ExtraDataOffset,Payload
1,1,2025-02-04 13:20:39.7842471,100,Info,Microsoft-Windows-WindowsBackup,Microsoft-Windows-WindowsBackup/ActionCenter,1480,2896,WIN-TBJN73HR3NM,0,S-1-5-19,,,,,,,,,,,False,C:\Users\chua0\Downloads\new\evtx_dir\file.968.0xfffffa8001aa5910.evtx,Classic,0,"{""EventData"":{""Data"":[{""@Name"":""hc_stateid"",""#text"":""1""},{""@Name"":""pwszTimeStamp""}]}}"
1,1,2025-02-04 14:37:35.5064737,4000,Info,Microsoft-Windows-LanguagePackSetup,Microsoft-Windows-LanguagePackSetup/Operational,2992,2700,WIN-TBJN73HR3NM,0,S-1-5-18,,,,,,,,,,,False,C:\Users\chua0\Downloads\new\evtx_dir\file.968.0xfffffa8001aae590.evtx,0x4000000000000000,0,"{""EventData"":""""}"
2,2,2025-02-04 14:37:35.5064737,4001,Info,Microsoft-Windows-LanguagePackSetup,Microsoft-Windows-LanguagePackSetup/Operational,2992,2700,WIN-TBJN73HR3NM,0,S-1-5-18,,,,,,,,,,,False,C:\Users\chua0\Downloads\new\evtx_dir\file.968.0xfffffa8001aae590.evtx,0x4000000000000000,0,"{""EventData"":""""}"
1,1,2025-02-04 13:20:39.7842471,100,Info,Microsoft-Windows-WindowsBackup,Microsoft-Windows-WindowsBackup/ActionCenter,1480,2896,WIN-TBJN73HR3NM,0,S-1-5-19,,,,,,,,,,,False,C:\Users\chua0\Downloads\new\evtx_dir\file.968.0xfffffa8001adde00.evtx,Classic,0,"{""EventData"":{""Data"":[{""@Name"":""hc_stateid"",""#text"":""1""},{""@Name"":""pwszTimeStamp""}]}}"
1,1,2025-02-04 13:19:26.9633192,42,Info,Microsoft-Windows-WindowsUpdateClient,Microsoft-Windows-WindowsUpdateClient/Operational,920,2068,WIN-TBJN73HR3NM,0,S-1-5-18,,,,,,,,,,,False,C:\Users\chua0\Downloads\new\evtx_dir\file.968.0xfffffa8001b36e00.evtx,0x4000000000000480,0,"{""EventData"":{""Data"":[{""@Name"":""hc_stateid"",""#text"":""0""},{""@Name"":""restartDate""},{""@Name"":""restartTime""}]}}"
2,2,2025-02-04 13:19:26.9633192,42,Info,Microsoft-Windows-WindowsUpdateClient,Microsoft-Windows-WindowsUpdateClient/Operational,920,2068,WIN-TBJN73HR3NM,0,S-1-5-18,,,,,,,,,,,False,C:\Users\chua0\Downloads\new\evtx_dir\file.968.0xfffffa8001b36e00.evtx,0x4000000000000480,0,"{""EventData"":{""Data"":[{""@Name"":""hc_stateid"",""#text"":""0""},{""@Name"":""restartDate""},{""@Name"":""restartTime""}]}}"
3,3,2025-02-04 13:19:26.9633192,30,Info,Microsoft-Windows-WindowsUpdateClient,Microsoft-Windows-WindowsUpdateClient/Operational,920,2068,WIN-TBJN73HR3NM,0,S-1-5-18,,,,,,,,,,,False,C:\Users\chua0\Downloads\new\evtx_dir\file.968.0xfffffa8001b36e00.evtx,0x4000000000000001,0,"{""EventData"":""""}"
4,4,2025-02-04 15:45:09.7781295,42,Info,Microsoft-Windows-WindowsUpdateClient,Microsoft-Windows-WindowsUpdateClient/Operational,920,260,WIN-TBJN73HR3NM,0,S-1-5-18,,,,,,,,,,,False,C:\Users\chua0\Downloads\new\evtx_dir\file.968.0xfffffa8001b36e00.evtx,0x4000000000000480,0,"{""EventData"":{""Data"":[{""@Name"":""hc_stateid"",""#text"":""0""},{""@Name"":""restartDate""},{""@Name"":""restartTime""}]}}"
1,1,2025-02-04 13:19:26.9633192,42,Info,Microsoft-Windows-WindowsUpdateClient,Microsoft-Windows-WindowsUpdateClient/Operational,920,2068,WIN-TBJN73HR3NM,0,S-1-5-18,,,,,,,,,,,False,C:\Users\chua0\Downloads\new\evtx_dir\file.968.0xfffffa8001b3ab20.evtx,0x4000000000000480,0,"{""EventData"":{""Data"":[{""@Name"":""hc_stateid"",""#text"":""0""},{""@Name"":""restartDate""},{""@Name"":""restartTime""}]}}"
2,2,2025-02-04 13:19:26.9633192,42,Info,Microsoft-Windows-WindowsUpdateClient,Microsoft-Windows-WindowsUpdateClient/Operational,920,2068,WIN-TBJN73HR3NM,0,S-1-5-18,,,,,,,,,,,False,C:\Users\chua0\Downloads\new\evtx_dir\file.968.0xfffffa8001b3ab20.evtx,0x4000000000000480,0,"{""EventData"":{""Data"":[{""@Name"":""hc_stateid"",""#text"":""0""},{""@Name"":""restartDate""},{""@Name"":""restartTime""}]}}"
3,3,2025-02-04 13:19:26.9633192,30,Info,Microsoft-Windows-WindowsUpdateClient,Microsoft-Windows-WindowsUpdateClient/Operational,920,2068,WIN-TBJN73HR3NM,0,S-1-5-18,,,,,,,,,,,False,C:\Users\chua0\Downloads\new\evtx_dir\file.968.0xfffffa8001b3ab20.evtx,0x4000000000000001,0,"{""EventData"":""""}"
4,4,2025-02-04 15:45:09.7781295,42,Info,Microsoft-Windows-WindowsUpdateClient,Microsoft-Windows-WindowsUpdateClient/Operational,920,260,WIN-TBJN73HR3NM,0,S-1-5-18,,,,,,,,,,,False,C:\Users\chua0\Downloads\new\evtx_dir\file.968.0xfffffa8001b3ab20.evtx,0x4000000000000480,0,"{""EventData"":{""Data"":[{""@Name"":""hc_stateid"",""#text"":""0""},{""@Name"":""restartDate""},{""@Name"":""restartTime""}]}}"
1,1,2025-02-04 13:46:12.2462411,5008,Error,Microsoft-Windows-HomeGroup-ControlPanel,Microsoft-Windows-HomeGroup Control Panel/Operational,1916,612,WIN-TBJN73HR3NM,0,S-1-5-21-4155376174-509444641-1072743315-1000,,,,,,,,,,,False,C:\Users\chua0\Downloads\new\evtx_dir\file.968.0xfffffa8001c85590.evtx,Classic,0,"{""EventData"":{""Data"":{""@Name"":""Error"",""#text"":""Unspecified error, ""}}}"
2,2,2025-02-04 13:46:17.8925640,5008,Error,Microsoft-Windows-HomeGroup-ControlPanel,Microsoft-Windows-HomeGroup Control Panel/Operational,1916,2336,WIN-TBJN73HR3NM,0,S-1-5-21-4155376174-509444641-1072743315-1000,,,,,,,,,,,False,C:\Users\chua0\Downloads\new\evtx_dir\file.968.0xfffffa8001c85590.evtx,Classic,0,"{""EventData"":{""Data"":{""@Name"":""Error"",""#text"":""Unspecified error, ""}}}"
1,1,2025-02-04 13:46:12.2462411,5008,Error,Microsoft-Windows-HomeGroup-ControlPanel,Microsoft-Windows-HomeGroup Control Panel/Operational,1916,612,WIN-TBJN73HR3NM,0,S-1-5-21-4155376174-509444641-1072743315-1000,,,,,,,,,,,False,C:\Users\chua0\Downloads\new\evtx_dir\file.968.0xfffffa8001e89900.evtx,Classic,0,"{""EventData"":{""Data"":{""@Name"":""Error"",""#text"":""Unspecified error, ""}}}"
2,2,2025-02-04 13:46:17.8925640,5008,Error,Microsoft-Windows-HomeGroup-ControlPanel,Microsoft-Windows-HomeGroup Control Panel/Operational,1916,2336,WIN-TBJN73HR3NM,0,S-1-5-21-4155376174-509444641-1072743315-1000,,,,,,,,,,,False,C:\Users\chua0\Downloads\new\evtx_dir\file.968.0xfffffa8001e89900.evtx,Classic,0,"{""EventData"":{""Data"":{""@Name"":""Error"",""#text"":""Unspecified error, ""}}}"
1,1,2025-02-04 15:44:36.6242332,1,Error,Microsoft-Windows-UAC,Microsoft-Windows-UAC/Operational,3032,1696,WIN-TBJN73HR3NM,0,S-1-5-21-4155376174-509444641-1072743315-1000,,,,,,,,,,,False,C:\Users\chua0\Downloads\new\evtx_dir\file.968.0xfffffa8001f7c5a0.evtx,Classic,0,"{""EventData"":""""}"
1,1,2025-02-04 14:37:35.5064737,4000,Info,Microsoft-Windows-LanguagePackSetup,Microsoft-Windows-LanguagePackSetup/Operational,2992,2700,WIN-TBJN73HR3NM,0,S-1-5-18,,,,,,,,,,,False,C:\Users\chua0\Downloads\new\evtx_dir\file.968.0xfffffa8002b8ba30.evtx,0x4000000000000000,0,"{""EventData"":""""}"
2,2,2025-02-04 14:37:35.5064737,4001,Info,Microsoft-Windows-LanguagePackSetup,Microsoft-Windows-LanguagePackSetup/Operational,2992,2700,WIN-TBJN73HR3NM,0,S-1-5-18,,,,,,,,,,,False,C:\Users\chua0\Downloads\new\evtx_dir\file.968.0xfffffa8002b8ba30.evtx,0x4000000000000000,0,"{""EventData"":""""}"
1,1,2025-02-04 13:18:34.0792263,306,Verbose,Microsoft-Windows-Bits-Client,Microsoft-Windows-Bits-Client/Operational,920,2480,WIN-TBJN73HR3NM,0,S-1-5-18,,,,,,,,,,,False,C:\Users\chua0\Downloads\new\evtx_dir\file.968.0xfffffa80034c21f0.evtx,0x4000000000000000,0,"{""EventData"":""""}"
1,1,2025-02-04 13:18:34.0792263,306,Verbose,Microsoft-Windows-Bits-Client,Microsoft-Windows-Bits-Client/Operational,920,2480,WIN-TBJN73HR3NM,0,S-1-5-18,,,,,,,,,,,False,C:\Users\chua0\Downloads\new\evtx_dir\file.968.0xfffffa80034c22f0.evtx,0x4000000000000000,0,"{""EventData"":""""}"
1,1,2025-02-04 14:30:38.2837409,701,Info,Microsoft-Windows-Application-Experience,Microsoft-Windows-Application-Experience/Program-Telemetry,2672,388,WIN-TBJN73HR3NM,0,S-1-5-18,,,,,,,,,,,False,C:\Users\chua0\Downloads\new\evtx_dir\file.968.0xfffffa800382a1b0.evtx,0x1000000000000000,0,"{""EventData"":""""}"
1,1,2025-02-04 14:30:38.2837409,701,Info,Microsoft-Windows-Application-Experience,Microsoft-Windows-Application-Experience/Program-Telemetry,2672,388,WIN-TBJN73HR3NM,0,S-1-5-18,,,,,,,,,,,False,C:\Users\chua0\Downloads\new\evtx_dir\file.968.0xfffffa800382b2c0.evtx,0x1000000000000000,0,"{""EventData"":""""}"
1,1,2025-02-05 05:15:15.8401411,1016,Info,Microsoft-Windows-ReadyBoost,Microsoft-Windows-ReadyBoost/Operational,840,1548,37L4247F27-25,0,S-1-5-18,,,,,,,,,,,False,C:\Users\chua0\Downloads\new\evtx_dir\file.968.0xfffffa800384b010.evtx,0x8000000000002000,0,"{""EventData"":{""Data"":[{""@Name"":""BootPlanTimestamp"",""#text"":""2025-02-04 21:15:14.9353395""},{""@Name"":""ErrorCode"",""#text"":""232""},{""@Name"":""Duration (ms)"",""#text"":""904""},{""@Name"":""Reason"",""#text"":""0""}]}}"
2,2,2025-02-04 13:17:24.0243030,1015,Info,Microsoft-Windows-ReadyBoost,Microsoft-Windows-ReadyBoost/Operational,896,2804,WIN-TBJN73HR3NM,0,S-1-5-18,,,,,,,,,,,False,C:\Users\chua0\Downloads\new\evtx_dir\file.968.0xfffffa800384b010.evtx,0x8000000000002000,0,"{""EventData"":{""Data"":[{""@Name"":""RB_IoReadBytes"",""#text"":""804930560""},{""@Name"":""RB_CacheHitBytes"",""#text"":""0""},{""@Name"":""RB_PrefetchBytes"",""#text"":""0""},{""@Name"":""RB_CacheHitPercentage"",""#text"":""0""},{""@Name"":""RB_IoReadCount"",""#text"":""31075""},{""@Name"":""RB_CacheHitCount"",""#text"":""0""},{""@Name"":""RB_PrefetchReadCount"",""#text"":""0""},{""@Name"":""RB_PrefetchDiskTimeUs"",""#text"":""0""}]}}"
3,3,2025-02-04 13:17:24.2583034,1016,Info,Microsoft-Windows-ReadyBoost,Microsoft-Windows-ReadyBoost/Operational,896,2804,WIN-TBJN73HR3NM,0,S-1-5-18,,,,,,,,,,,False,C:\Users\chua0\Downloads\new\evtx_dir\file.968.0xfffffa800384b010.evtx,0x8000000000002000,0,"{""EventData"":{""Data"":[{""@Name"":""BootPlanTimestamp"",""#text"":""2025-02-04 21:17:23.9151028""},{""@Name"":""ErrorCode"",""#text"":""0""},{""@Name"":""Duration (ms)"",""#text"":""343""},{""@Name"":""Reason"",""#text"":""0""}]}}"
4,4,2025-02-04 13:36:09.7644006,1016,Info,Microsoft-Windows-ReadyBoost,Microsoft-Windows-ReadyBoost/Operational,896,1812,WIN-TBJN73HR3NM,0,S-1-5-18,,,,,,,,,,,False,C:\Users\chua0\Downloads\new\evtx_dir\file.968.0xfffffa800384b010.evtx,0x8000000000002000,0,"{""EventData"":{""Data"":[{""@Name"":""BootPlanTimestamp"",""#text"":""2025-02-04 21:36:09.3943795""},{""@Name"":""ErrorCode"",""#text"":""0""},{""@Name"":""Duration (ms)"",""#text"":""375""},{""@Name"":""Reason"",""#text"":""1""}]}}"
5,5,2025-02-04 13:56:52.6188303,1016,Info,Microsoft-Windows-ReadyBoost,Microsoft-Windows-ReadyBoost/Operational,896,2940,WIN-TBJN73HR3NM,0,S-1-5-18,,,,,,,,,,,False,C:\Users\chua0\Downloads\new\evtx_dir\file.968.0xfffffa800384b010.evtx,0x8000000000002000,0,"{""EventData"":{""Data"":[{""@Name"":""BootPlanTimestamp"",""#text"":""2025-02-04 21:56:32.5916848""},{""@Name"":""ErrorCode"",""#text"":""0""},{""@Name"":""Duration (ms)"",""#text"":""20030""},{""@Name"":""Reason"",""#text"":""1""}]}}"
6,6,2025-02-04 14:06:05.5791976,1016,Info,Microsoft-Windows-ReadyBoost,Microsoft-Windows-ReadyBoost/Operational,896,2832,WIN-TBJN73HR3NM,0,S-1-5-18,,,,,,,,,,,False,C:\Users\chua0\Downloads\new\evtx_dir\file.968.0xfffffa800384b010.evtx,0x8000000000002000,0,"{""EventData"":{""Data"":[{""@Name"":""BootPlanTimestamp"",""#text"":""2025-02-04 22:06:05.3921869""},{""@Name"":""ErrorCode"",""#text"":""0""},{""@Name"":""Duration (ms)"",""#text"":""187""},{""@Name"":""Reason"",""#text"":""1""}]}}"
7,7,2025-02-04 14:27:35.5294199,1018,Info,Microsoft-Windows-ReadyBoost,Microsoft-Windows-ReadyBoost/Operational,896,1592,WIN-TBJN73HR3NM,0,S-1-5-18,,,,,,,,,,,False,C:\Users\chua0\Downloads\new\evtx_dir\file.968.0xfffffa800384b010.evtx,0x8000000000002000,0,"{""EventData"":{""Data"":[{""@Name"":""DiskAssessmentTimestamp"",""#text"":""2025-02-04 22:27:34.8898187""},{""@Name"":""ErrorCode"",""#text"":""1100""},{""@Name"":""Duration (ms)"",""#text"":""640""}]}}"
8,8,2025-02-04 14:36:34.7755670,1016,Info,Microsoft-Windows-ReadyBoost,Microsoft-Windows-ReadyBoost/Operational,896,196,WIN-TBJN73HR3NM,0,S-1-5-18,,,,,,,,,,,False,C:\Users\chua0\Downloads\new\evtx_dir\file.968.0xfffffa800384b010.evtx,0x8000000000002000,0,"{""EventData"":{""Data"":[{""@Name"":""BootPlanTimestamp"",""#text"":""2025-02-04 22:36:34.4167664""},{""@Name"":""ErrorCode"",""#text"":""0""},{""@Name"":""Duration (ms)"",""#text"":""359""},{""@Name"":""Reason"",""#text"":""1""}]}}"
9,9,2025-02-04 14:40:08.5895425,1016,Info,Microsoft-Windows-ReadyBoost,Microsoft-Windows-ReadyBoost/Operational,896,612,WIN-TBJN73HR3NM,0,S-1-5-18,,,,,,,,,,,False,C:\Users\chua0\Downloads\new\evtx_dir\file.968.0xfffffa800384b010.evtx,0x8000000000002000,0,"{""EventData"":{""Data"":[{""@Name"":""BootPlanTimestamp"",""#text"":""2025-02-04 22:40:08.4023422""},{""@Name"":""ErrorCode"",""#text"":""0""},{""@Name"":""Duration (ms)"",""#text"":""187""},{""@Name"":""Reason"",""#text"":""1""}]}}"
10,10,2025-02-04 15:47:37.8155967,1016,Info,Microsoft-Windows-ReadyBoost,Microsoft-Windows-ReadyBoost/Operational,896,1036,WIN-TBJN73HR3NM,0,S-1-5-18,,,,,,,,,,,False,C:\Users\chua0\Downloads\new\evtx_dir\file.968.0xfffffa800384b010.evtx,0x8000000000002000,0,"{""EventData"":{""Data"":[{""@Name"":""BootPlanTimestamp"",""#text"":""2025-02-04 23:47:37.3925725""},{""@Name"":""ErrorCode"",""#text"":""0""},{""@Name"":""Duration (ms)"",""#text"":""437""},{""@Name"":""Reason"",""#text"":""1""}]}}"
1,1,2025-02-04 14:30:37.7533399,900,Info,Microsoft-Windows-Application-Experience,Microsoft-Windows-Application-Experience/Program-Inventory,2700,2992,WIN-TBJN73HR3NM,0,S-1-5-18,,,,,,,,,,,False,C:\Users\chua0\Downloads\new\evtx_dir\file.968.0xfffffa80038a7010.evtx,0x800000000000000,0,"{""UserData"":{""IEAddOnChangeInfoEvent"":{""Name"":""XML HTTP"",""Type"":""ActiveX"",""Publisher"":""Microsoft Corporation"",""CLSID"":""f6d90f16-9c73-11d3-b32e-00c04f990bb4"",""FileName"":""msxml3.dll"",""FileID"":""0000e7055d6cacb8c3fae06dc10ad480c8e6b8b7b592"",""Language"":""0"",""FileVersion"":""8.110.7601.17514""}}}"
2,2,2025-02-04 14:30:37.7533399,900,Info,Microsoft-Windows-Application-Experience,Microsoft-Windows-Application-Experience/Program-Inventory,2700,2992,WIN-TBJN73HR3NM,0,S-1-5-18,,,,,,,,,,,False,C:\Users\chua0\Downloads\new\evtx_dir\file.968.0xfffffa80038a7010.evtx,0x800000000000000,0,"{""UserData"":{""IEAddOnChangeInfoEvent"":{""Name"":""XML Data Source Object"",""Type"":""ActiveX"",""Publisher"":""Microsoft Corporation"",""CLSID"":""f6d90f14-9c73-11d3-b32e-00c04f990bb4"",""FileName"":""msxml3.dll"",""FileID"":""0000e7055d6cacb8c3fae06dc10ad480c8e6b8b7b592"",""Language"":""0"",""FileVersion"":""8.110.7601.17514""}}}"
3,3,2025-02-04 14:30:37.7533399,900,Info,Microsoft-Windows-Application-Experience,Microsoft-Windows-Application-Experience/Program-Inventory,2700,2992,WIN-TBJN73HR3NM,0,S-1-5-18,,,,,,,,,,,False,C:\Users\chua0\Downloads\new\evtx_dir\file.968.0xfffffa80038a7010.evtx,0x800000000000000,0,"{""UserData"":{""IEAddOnChangeInfoEvent"":{""Name"":""Free Threaded XML DOM Document"",""Type"":""ActiveX"",""Publisher"":""Microsoft Corporation"",""CLSID"":""f6d90f12-9c73-11d3-b32e-00c04f990bb4"",""FileName"":""msxml3.dll"",""FileID"":""0000e7055d6cacb8c3fae06dc10ad480c8e6b8b7b592"",""Language"":""0"",""FileVersion"":""8.110.7601.17514""}}}"
4,4,2025-02-04 14:30:37.7533399,900,Info,Microsoft-Windows-Application-Experience,Microsoft-Windows-Application-Experience/Program-Inventory,2700,2992,WIN-TBJN73HR3NM,0,S-1-5-18,,,,,,,,,,,False,C:\Users\chua0\Downloads\new\evtx_dir\file.968.0xfffffa80038a7010.evtx,0x800000000000000,0,"{""UserData"":{""IEAddOnChangeInfoEvent"":{""Name"":""XML DOM Document"",""Type"":""ActiveX"",""Publisher"":""Microsoft Corporation"",""CLSID"":""f6d90f11-9c73-11d3-b32e-00c04f990bb4"",""FileName"":""msxml3.dll"",""FileID"":""0000e7055d6cacb8c3fae06dc10ad480c8e6b8b7b592"",""Language"":""0"",""FileVersion"":""8.110.7601.17514""}}}"
5,5,2025-02-04 14:30:37.7533399,900,Info,Microsoft-Windows-Application-Experience,Microsoft-Windows-Application-Experience/Program-Inventory,2700,2992,WIN-TBJN73HR3NM,0,S-1-5-18,,,,,,,,,,,False,C:\Users\chua0\Downloads\new\evtx_dir\file.968.0xfffffa80038a7010.evtx,0x800000000000000,0,"{""UserData"":{""IEAddOnChangeInfoEvent"":{""Name"":""XML Data Source Object 3.0"",""Type"":""ActiveX"",""Publisher"":""Microsoft Corporation"",""CLSID"":""f5078f39-c551-11d3-89b9-0000f81fe221"",""FileName"":""msxml3.dll"",""FileID"":""0000e7055d6cacb8c3fae06dc10ad480c8e6b8b7b592"",""Language"":""0"",""FileVersion"":""8.110.7601.17514""}}}"
6,6,2025-02-04 14:30:37.7533399,900,Info,Microsoft-Windows-Application-Experience,Microsoft-Windows-Application-Experience/Program-Inventory,2700,2992,WIN-TBJN73HR3NM,0,S-1-5-18,,,,,,,,,,,False,C:\Users\chua0\Downloads\new\evtx_dir\file.968.0xfffffa80038a7010.evtx,0x800000000000000,0,"{""UserData"":{""IEAddOnChangeInfoEvent"":{""Name"":""XSL Template 3.0"",""Type"":""ActiveX"",""Publisher"":""Microsoft Corporation"",""CLSID"":""f5078f36-c551-11d3-89b9-0000f81fe221"",""FileName"":""msxml3.dll"",""FileID"":""0000e7055d6cacb8c3fae06dc10ad480c8e6b8b7b592"",""Language"":""0"",""FileVersion"":""8.110.7601.17514""}}}"
7,7,2025-02-04 14:30:37.7533399,900,Info,Microsoft-Windows-Application-Experience,Microsoft-Windows-Application-Experience/Program-Inventory,2700,2992,WIN-TBJN73HR3NM,0,S-1-5-18,,,,,,,,,,,False,C:\Users\chua0\Downloads\new\evtx_dir\file.968.0xfffffa80038a7010.evtx,0x800000000000000,0,"{""UserData"":{""IEAddOnChangeInfoEvent"":{""Name"":""XML HTTP 3.0"",""Type"":""ActiveX"",""Publisher"":""Microsoft Corporation"",""CLSID"":""f5078f35-c551-11d3-89b9-0000f81fe221"",""FileName"":""msxml3.dll"",""FileID"":""0000e7055d6cacb8c3fae06dc10ad480c8e6b8b7b592"",""Language"":""0"",""FileVersion"":""8.110.7601.17514""}}}"
8,8,2025-02-04 14:30:37.7533399,900,Info,Microsoft-Windows-Application-Experience,Microsoft-Windows-Application-Experience/Program-Inventory,2700,2992,WIN-TBJN73HR3NM,0,S-1-5-18,,,,,,,,,,,False,C:\Users\chua0\Downloads\new\evtx_dir\file.968.0xfffffa80038a7010.evtx,0x800000000000000,0,"{""UserData"":{""IEAddOnChangeInfoEvent"":{""Name"":""XML Schema Cache 3.0"",""Type"":""ActiveX"",""Publisher"":""Microsoft Corporation"",""CLSID"":""f5078f34-c551-11d3-89b9-0000f81fe221"",""FileName"":""msxml3.dll"",""FileID"":""0000e7055d6cacb8c3fae06dc10ad480c8e6b8b7b592"",""Language"":""0"",""FileVersion"":""8.110.7601.17514""}}}"
9,9,2025-02-04 14:30:37.7533399,900,Info,Microsoft-Windows-Application-Experience,Microsoft-Windows-Application-Experience/Program-Inventory,2700,2992,WIN-TBJN73HR3NM,0,S-1-5-18,,,,,,,,,,,False,C:\Users\chua0\Downloads\new\evtx_dir\file.968.0xfffffa80038a7010.evtx,0x800000000000000,0,"{""UserData"":{""IEAddOnChangeInfoEvent"":{""Name"":""Free Threaded XML DOM Document 3.0"",""Type"":""ActiveX"",""Publisher"":""Microsoft Corporation"",""CLSID"":""f5078f33-c551-11d3-89b9-0000f81fe221"",""FileName"":""msxml3.dll"",""FileID"":""0000e7055d6cacb8c3fae06dc10ad480c8e6b8b7b592"",""Language"":""0"",""FileVersion"":""8.110.7601.17514""}}}"
10,10,2025-02-04 14:30:37.7533399,900,Info,Microsoft-Windows-Application-Experience,Microsoft-Windows-Application-Experience/Program-Inventory,2700,2992,WIN-TBJN73HR3NM,0,S-1-5-18,,,,,,,,,,,False,C:\Users\chua0\Downloads\new\evtx_dir\file.968.0xfffffa80038a7010.evtx,0x800000000000000,0,"{""UserData"":{""IEAddOnChangeInfoEvent"":{""Name"":""XML DOM Document 3.0"",""Type"":""ActiveX"",""Publisher"":""Microsoft Corporation"",""CLSID"":""f5078f32-c551-11d3-89b9-0000f81fe221"",""FileName"":""msxml3.dll"",""FileID"":""0000e7055d6cacb8c3fae06dc10ad480c8e6b8b7b592"",""Language"":""0"",""FileVersion"":""8.110.7601.17514""}}}"
11,11,2025-02-04 14:30:37.7533399,900,Info,Microsoft-Windows-Application-Experience,Microsoft-Windows-Application-Experience/Program-Inventory,2700,2992,WIN-TBJN73HR3NM,0,S-1-5-18,,,,,,,,,,,False,C:\Users\chua0\Downloads\new\evtx_dir\file.968.0xfffffa80038a7010.evtx,0x800000000000000,0,"{""UserData"":{""IEAddOnChangeInfoEvent"":{""Name"":""Scripting.Dictionary"",""Type"":""ActiveX"",""Publisher"":""Microsoft Corporation"",""CLSID"":""ee09b103-97e0-11cf-978f-00a02463e06f"",""FileName"":""scrrun.dll"",""FileID"":""0000243c82daa5f5d1a8c3e9fa305db33ee91907b60f"",""Language"":""1033"",""FileVersion"":""5.8.7600.16385""}}}"
12,12,2025-02-04 14:30:37.7533399,900,Info,Microsoft-Windows-Application-Experience,Microsoft-Windows-Application-Experience/Program-Inventory,2700,2992,WIN-TBJN73HR3NM,0,S-1-5-18,,,,,,,,,,,False,C:\Users\chua0\Downloads\new\evtx_dir\file.968.0xfffffa80038a7010.evtx,0x800000000000000,0,"{""UserData"":{""IEAddOnChangeInfoEvent"":{""Name"":""OleInstall Class"",""Type"":""ActiveX"",""Publisher"":""Microsoft Corporation"",""CLSID"":""c3701884-b39b-11d1-9d68-00c04fc30df6"",""FileName"":""oleprn.dll"",""FileID"":""0000dbe7e379e77aa93c26456a787169d70a1cd7bb37"",""Language"":""1033"",""FileVersion"":""6.1.7600.16385(win7_rtm.090713-1255)""}}}"
13,13,2025-02-04 14:30:37.7533399,900,Info,Microsoft-Windows-Application-Experience,Microsoft-Windows-Application-Experience/Program-Inventory,2700,2992,WIN-TBJN73HR3NM,0,S-1-5-18,,,,,,,,,,,False,C:\Users\chua0\Downloads\new\evtx_dir\file.968.0xfffffa80038a7010.evtx,0x800000000000000,0,"{""UserData"":{""IEAddOnChangeInfoEvent"":{""Name"":""RMGetLicense Class"",""Type"":""ActiveX"",""Publisher"":""Microsoft Corporation"",""CLSID"":""a9fc132b-096d-460b-b7d5-1db0fae0c062"",""FileName"":""msnetobj.dll"",""FileID"":""0000d53f369d595d97213da95e643a414d6aa6a0e6b2"",""Language"":""1033"",""FileVersion"":""11.0.7601.17514""}}}"
14,14,2025-02-04 14:30:37.7533399,900,Info,Microsoft-Windows-Application-Experience,Microsoft-Windows-Application-Experience/Program-Inventory,2700,2992,WIN-TBJN73HR3NM,0,S-1-5-18,,,,,,,,,,,False,C:\Users\chua0\Downloads\new\evtx_dir\file.968.0xfffffa80038a7010.evtx,0x800000000000000,0,"{""UserData"":{""IEAddOnChangeInfoEvent"":{""Name"":""prturl Class"",""Type"":""ActiveX"",""Publisher"":""Microsoft Corporation"",""CLSID"":""92337a8c-e11d-11d0-be48-00c04fc30df6"",""FileName"":""oleprn.dll"",""FileID"":""0000dbe7e379e77aa93c26456a787169d70a1cd7bb37"",""Language"":""1033"",""FileVersion"":""6.1.7600.16385(win7_rtm.090713-1255)""}}}"
15,15,2025-02-04 14:30:37.7533399,900,Info,Microsoft-Windows-Application-Experience,Microsoft-Windows-Application-Experience/Program-Inventory,2700,2992,WIN-TBJN73HR3NM,0,S-1-5-18,,,,,,,,,,,False,C:\Users\chua0\Downloads\new\evtx_dir\file.968.0xfffffa80038a7010.evtx,0x800000000000000,0,"{""UserData"":{""IEAddOnChangeInfoEvent"":{""Name"":""Registration Control"",""Type"":""ActiveX"",""Publisher"":""Microsoft Corporation"",""CLSID"":""8e4062d9-fe1b-4b9e-aa16-5e8eef68f48e"",""FileName"":""RegCtrl.dll"",""FileID"":""0000fbfb589af1f264af88b879f8aaf16475d499e737"",""Language"":""1033"",""FileVersion"":""6.1.7600.16385(win7_rtm.090713-1255)""}}}"
16,16,2025-02-04 14:30:37.7533399,900,Info,Microsoft-Windows-Application-Experience,Microsoft-Windows-Application-Experience/Program-Inventory,2700,2992,WIN-TBJN73HR3NM,0,S-1-5-18,,,,,,,,,,,False,C:\Users\chua0\Downloads\new\evtx_dir\file.968.0xfffffa80038a7010.evtx,0x800000000000000,0,"{""UserData"":{""IEAddOnChangeInfoEvent"":{""Name"":""XML HTTP 6.0"",""Type"":""ActiveX"",""Publisher"":""Microsoft Corporation"",""CLSID"":""88d96a0a-f192-11d4-a65f-0040963251e5"",""FileName"":""msxml6.dll"",""FileID"":""0000a767e893427f9b24fe06cbb3a155dd54162a402a"",""Language"":""0"",""FileVersion"":""6.30.7601.17514""}}}"
17,17,2025-02-04 14:30:37.7533399,900,Info,Microsoft-Windows-Application-Experience,Microsoft-Windows-Application-Experience/Program-Inventory,2700,2992,WIN-TBJN73HR3NM,0,S-1-5-18,,,,,,,,,,,False,C:\Users\chua0\Downloads\new\evtx_dir\file.968.0xfffffa80038a7010.evtx,0x800000000000000,0,"{""UserData"":{""IEAddOnChangeInfoEvent"":{""Name"":""XSL Template 6.0"",""Type"":""ActiveX"",""Publisher"":""Microsoft Corporation"",""CLSID"":""88d96a08-f192-11d4-a65f-0040963251e5"",""FileName"":""msxml6.dll"",""FileID"":""0000a767e893427f9b24fe06cbb3a155dd54162a402a"",""Language"":""0"",""FileVersion"":""6.30.7601.17514""}}}"
18,18,2025-02-04 14:30:37.7533399,900,Info,Microsoft-Windows-Application-Experience,Microsoft-Windows-Application-Experience/Program-Inventory,2700,2992,WIN-TBJN73HR3NM,0,S-1-5-18,,,,,,,,,,,False,C:\Users\chua0\Downloads\new\evtx_dir\file.968.0xfffffa80038a7010.evtx,0x800000000000000,0,"{""UserData"":{""IEAddOnChangeInfoEvent"":{""Name"":""XML Schema Cache 6.0"",""Type"":""ActiveX"",""Publisher"":""Microsoft Corporation"",""CLSID"":""88d96a07-f192-11d4-a65f-0040963251e5"",""FileName"":""msxml6.dll"",""FileID"":""0000a767e893427f9b24fe06cbb3a155dd54162a402a"",""Language"":""0"",""FileVersion"":""6.30.7601.17514""}}}"
19,19,2025-02-04 14:30:37.7533399,900,Info,Microsoft-Windows-Application-Experience,Microsoft-Windows-Application-Experience/Program-Inventory,2700,2992,WIN-TBJN73HR3NM,0,S-1-5-18,,,,,,,,,,,False,C:\Users\chua0\Downloads\new\evtx_dir\file.968.0xfffffa80038a7010.evtx,0x800000000000000,0,"{""UserData"":{""IEAddOnChangeInfoEvent"":{""Name"":""Free Threaded XML DOM Document 6.0"",""Type"":""ActiveX"",""Publisher"":""Microsoft Corporation"",""CLSID"":""88d96a06-f192-11d4-a65f-0040963251e5"",""FileName"":""msxml6.dll"",""FileID"":""0000a767e893427f9b24fe06cbb3a155dd54162a402a"",""Language"":""0"",""FileVersion"":""6.30.7601.17514""}}}"
20,20,2025-02-04 14:30:37.7533399,900,Info,Microsoft-Windows-Application-Experience,Microsoft-Windows-Application-Experience/Program-Inventory,2700,2992,WIN-TBJN73HR3NM,0,S-1-5-18,,,,,,,,,,,False,C:\Users\chua0\Downloads\new\evtx_dir\file.968.0xfffffa80038a7010.evtx,0x800000000000000,0,"{""UserData"":{""IEAddOnChangeInfoEvent"":{""Name"":""XML DOM Document 6.0"",""Type"":""ActiveX"",""Publisher"":""Microsoft Corporation"",""CLSID"":""88d96a05-f192-11d4-a65f-0040963251e5"",""FileName"":""msxml6.dll"",""FileID"":""0000a767e893427f9b24fe06cbb3a155dd54162a402a"",""Language"":""0"",""FileVersion"":""6.30.7601.17514""}}}"
21,21,2025-02-04 14:30:37.7533399,900,Info,Microsoft-Windows-Application-Experience,Microsoft-Windows-Application-Experience/Program-Inventory,2700,2992,WIN-TBJN73HR3NM,0,S-1-5-18,,,,,,,,,,,False,C:\Users\chua0\Downloads\new\evtx_dir\file.968.0xfffffa80038a7010.evtx,0x800000000000000,0,"{""UserData"":{""IEAddOnChangeInfoEvent"":{""Name"":""X509 Machine Enrollment Factory"",""Type"":""ActiveX"",""Publisher"":""Microsoft Corporation"",""CLSID"":""884e2051-217d-11da-b2a4-000e7bbb2b09"",""FileName"":""CertEnroll.dll"",""FileID"":""0000cee23e7afce68bc02ed0912a3dab110528be66cb"",""Language"":""1033"",""FileVersion"":""6.1.7600.16385(win7_rtm.090713-1255)""}}}"
22,22,2025-02-04 14:30:37.7533399,900,Info,Microsoft-Windows-Application-Experience,Microsoft-Windows-Application-Experience/Program-Inventory,2700,2992,WIN-TBJN73HR3NM,0,S-1-5-18,,,,,,,,,,,False,C:\Users\chua0\Downloads\new\evtx_dir\file.968.0xfffffa80038a7010.evtx,0x800000000000000,0,"{""UserData"":{""IEAddOnChangeInfoEvent"":{""Name"":""X509 Enrollment WebClassFactory"",""Type"":""ActiveX"",""Publisher"":""Microsoft Corporation"",""CLSID"":""884e2049-217d-11da-b2a4-000e7bbb2b09"",""FileName"":""CertEnrollCtrl.exe"",""FileID"":""0000c6f773d69ed859ae48a767e439dd24dca9cbc45e"",""Language"":""1033"",""FileVersion"":""6.1.7600.16385(win7_rtm.090713-1255)""}}}"
23,23,2025-02-04 14:30:37.7533399,900,Info,Microsoft-Windows-Application-Experience,Microsoft-Windows-Application-Experience/Program-Inventory,2700,2992,WIN-TBJN73HR3NM,0,S-1-5-18,,,,,,,,,,,False,C:\Users\chua0\Downloads\new\evtx_dir\file.968.0xfffffa80038a7010.evtx,0x800000000000000,0,"{""UserData"":{""IEAddOnChangeInfoEvent"":{""Name"":""Windows Media Services DRM Storage object"",""Type"":""ActiveX"",""Publisher"":""Microsoft Corporation"",""CLSID"":""760c4b83-e211-11d2-bf3e-00805fbe84a6"",""FileName"":""msnetobj.dll"",""FileID"":""0000d53f369d595d97213da95e643a414d6aa6a0e6b2"",""Language"":""1033"",""FileVersion"":""11.0.7601.17514""}}}"
24,24,2025-02-04 14:30:37.7533399,900,Info,Microsoft-Windows-Application-Experience,Microsoft-Windows-Application-Experience/Program-Inventory,2700,2992,WIN-TBJN73HR3NM,0,S-1-5-18,,,,,,,,,,,False,C:\Users\chua0\Downloads\new\evtx_dir\file.968.0xfffffa80038a7010.evtx,0x800000000000000,0,"{""UserData"":{""IEAddOnChangeInfoEvent"":{""Name"":""Windows Media Player"",""Type"":""ActiveX"",""Publisher"":""Microsoft Corporation"",""CLSID"":""6bf52a52-394a-11d3-b153-00c04f79faa6"",""FileName"":""wmp.dll"",""FileID"":""00006d08eb142d0fc76f05c332194eacf28ca635016b"",""Language"":""1033"",""FileVersion"":""12.0.7601.17514(win7sp1_rtm.101119-1850)""}}}"
25,25,2025-02-04 14:30:37.7533399,900,Info,Microsoft-Windows-Application-Experience,Microsoft-Windows-Application-Experience/Program-Inventory,2700,2992,WIN-TBJN73HR3NM,0,S-1-5-18,,,,,,,,,,,False,C:\Users\chua0\Downloads\new\evtx_dir\file.968.0xfffffa80038a7010.evtx,0x800000000000000,0,"{""UserData"":{""IEAddOnChangeInfoEvent"":{""Name"":""OleCvt Class"",""Type"":""ActiveX"",""Publisher"":""Microsoft Corporation"",""CLSID"":""65303443-ad66-11d1-9d65-00c04fc30df6"",""FileName"":""oleprn.dll"",""FileID"":""0000dbe7e379e77aa93c26456a787169d70a1cd7bb37"",""Language"":""1033"",""FileVersion"":""6.1.7600.16385(win7_rtm.090713-1255)""}}}"
26,26,2025-02-04 14:30:37.7533399,900,Info,Microsoft-Windows-Application-Experience,Microsoft-Windows-Application-Experience/Program-Inventory,2700,2992,WIN-TBJN73HR3NM,0,S-1-5-18,,,,,,,,,,,False,C:\Users\chua0\Downloads\new\evtx_dir\file.968.0xfffffa80038a7010.evtx,0x800000000000000,0,"{""UserData"":{""IEAddOnChangeInfoEvent"":{""Name"":""Microsoft Shell UI Helper"",""Type"":""ActiveX"",""Publisher"":""Microsoft Corporation"",""CLSID"":""64ab4bb7-111e-11d1-8f79-00c04fc2fbe1"",""FileName"":""ieframe.dll"",""FileID"":""0000639946c23b630798284a92117882990ea31d702e"",""Language"":""1033"",""FileVersion"":""8.00.7600.16385(win7_rtm.090713-1255)""}}}"
27,27,2025-02-04 14:30:37.7533399,900,Info,Microsoft-Windows-Application-Experience,Microsoft-Windows-Application-Experience/Program-Inventory,2700,2992,WIN-TBJN73HR3NM,0,S-1-5-18,,,,,,,,,,,False,C:\Users\chua0\Downloads\new\evtx_dir\file.968.0xfffffa80038a7010.evtx,0x800000000000000,0,"{""UserData"":{""IEAddOnChangeInfoEvent"":{""Name"":""OleSNMP Class"",""Type"":""ActiveX"",""Publisher"":""Microsoft Corporation"",""CLSID"":""4f664f91-ff01-11d0-8aed-00c04fd7b597"",""FileName"":""oleprn.dll"",""FileID"":""0000dbe7e379e77aa93c26456a787169d70a1cd7bb37"",""Language"":""1033"",""FileVersion"":""6.1.7600.16385(win7_rtm.090713-1255)""}}}"
28,28,2025-02-04 14:30:37.7533399,900,Info,Microsoft-Windows-Application-Experience,Microsoft-Windows-Application-Experience/Program-Inventory,2700,2992,WIN-TBJN73HR3NM,0,S-1-5-18,,,,,,,,,,,False,C:\Users\chua0\Downloads\new\evtx_dir\file.968.0xfffffa80038a7010.evtx,0x800000000000000,0,"{""UserData"":{""IEAddOnChangeInfoEvent"":{""Name"":""DSPrintQueue Class"",""Type"":""ActiveX"",""Publisher"":""Microsoft Corporation"",""CLSID"":""435899c9-44ab-11d1-af00-080036234103"",""FileName"":""oleprn.dll"",""FileID"":""0000dbe7e379e77aa93c26456a787169d70a1cd7bb37"",""Language"":""1033"",""FileVersion"":""6.1.7600.16385(win7_rtm.090713-1255)""}}}"
29,29,2025-02-04 14:30:37.7533399,900,Info,Microsoft-Windows-Application-Experience,Microsoft-Windows-Application-Experience/Program-Inventory,2700,2992,WIN-TBJN73HR3NM,0,S-1-5-18,,,,,,,,,,,False,C:\Users\chua0\Downloads\new\evtx_dir\file.968.0xfffffa80038a7010.evtx,0x800000000000000,0,"{""UserData"":{""IEAddOnChangeInfoEvent"":{""Name"":""oleprn Class"",""Type"":""ActiveX"",""Publisher"":""Microsoft Corporation"",""CLSID"":""3e4d4f1c-2aee-11d1-9d3d-00c04fc30df6"",""FileName"":""oleprn.dll"",""FileID"":""0000dbe7e379e77aa93c26456a787169d70a1cd7bb37"",""Language"":""1033"",""FileVersion"":""6.1.7600.16385(win7_rtm.090713-1255)""}}}"
30,30,2025-02-04 14:30:37.7533399,900,Info,Microsoft-Windows-Application-Experience,Microsoft-Windows-Application-Experience/Program-Inventory,2700,2992,WIN-TBJN73HR3NM,0,S-1-5-18,,,,,,,,,,,False,C:\Users\chua0\Downloads\new\evtx_dir\file.968.0xfffffa80038a7010.evtx,0x800000000000000,0,"{""UserData"":{""IEAddOnChangeInfoEvent"":{""Name"":""XML Schema Cache"",""Type"":""ActiveX"",""Publisher"":""Microsoft Corporation"",""CLSID"":""373984c9-b845-449b-91e7-45ac83036ade"",""FileName"":""msxml3.dll"",""FileID"":""0000e7055d6cacb8c3fae06dc10ad480c8e6b8b7b592"",""Language"":""0"",""FileVersion"":""8.110.7601.17514""}}}"
31,31,2025-02-04 14:30:37.7533399,900,Info,Microsoft-Windows-Application-Experience,Microsoft-Windows-Application-Experience/Program-Inventory,2700,2992,WIN-TBJN73HR3NM,0,S-1-5-18,,,,,,,,,,,False,C:\Users\chua0\Downloads\new\evtx_dir\file.968.0xfffffa80038a7010.evtx,0x800000000000000,0,"{""UserData"":{""IEAddOnChangeInfoEvent"":{""Name"":""Tabular Data Control"",""Type"":""ActiveX"",""Publisher"":""Microsoft Corporation"",""CLSID"":""333c7bc4-460f-11d0-bc04-0080c7055a83"",""FileName"":""tdc.ocx"",""FileID"":""0000453dd24332817649f8c5bcc67523ecbb2bdee76f"",""Language"":""1033"",""FileVersion"":""8.00.7600.16385(win7_rtm.090713-1255)""}}}"
32,32,2025-02-04 14:30:37.7533399,900,Info,Microsoft-Windows-Application-Experience,Microsoft-Windows-Application-Experience/Program-Inventory,2700,2992,WIN-TBJN73HR3NM,0,S-1-5-18,,,,,,,,,,,False,C:\Users\chua0\Downloads\new\evtx_dir\file.968.0xfffffa80038a7010.evtx,0x800000000000000,0,"{""UserData"":{""IEAddOnChangeInfoEvent"":{""Name"":""HtmlDlgSafeHelper Class"",""Type"":""ActiveX"",""Publisher"":""Microsoft Corporation"",""CLSID"":""3050f819-98b5-11cf-bb82-00aa00bdce0b"",""FileName"":""mshtmled.dll"",""FileID"":""000089dc827f5fecfe97fd45c50ed01d3b44aefbd073"",""Language"":""1033"",""FileVersion"":""8.00.7601.17514(win7sp1_rtm.101119-1850)""}}}"
33,33,2025-02-04 14:30:37.7533399,900,Info,Microsoft-Windows-Application-Experience,Microsoft-Windows-Application-Experience/Program-Inventory,2700,2992,WIN-TBJN73HR3NM,0,S-1-5-18,,,,,,,,,,,False,C:\Users\chua0\Downloads\new\evtx_dir\file.968.0xfffffa80038a7010.evtx,0x800000000000000,0,"{""UserData"":{""IEAddOnChangeInfoEvent"":{""Name"":""XSL Template"",""Type"":""ActiveX"",""Publisher"":""Microsoft Corporation"",""CLSID"":""2933bf94-7b36-11d2-b20e-00c04f983e60"",""FileName"":""msxml3.dll"",""FileID"":""0000e7055d6cacb8c3fae06dc10ad480c8e6b8b7b592"",""Language"":""0"",""FileVersion"":""8.110.7601.17514""}}}"
34,34,2025-02-04 14:30:37.7533399,900,Info,Microsoft-Windows-Application-Experience,Microsoft-Windows-Application-Experience/Program-Inventory,2700,2992,WIN-TBJN73HR3NM,0,S-1-5-18,,,,,,,,,,,False,C:\Users\chua0\Downloads\new\evtx_dir\file.968.0xfffffa80038a7010.evtx,0x800000000000000,0,"{""UserData"":{""IEAddOnChangeInfoEvent"":{""Name"":""XML DOM Document"",""Type"":""ActiveX"",""Publisher"":""Microsoft Corporation"",""CLSID"":""2933bf90-7b36-11d2-b20e-00c04f983e60"",""FileName"":""msxml3.dll"",""FileID"":""0000e7055d6cacb8c3fae06dc10ad480c8e6b8b7b592"",""Language"":""0"",""FileVersion"":""8.110.7601.17514""}}}"
35,35,2025-02-04 14:30:37.7533399,900,Info,Microsoft-Windows-Application-Experience,Microsoft-Windows-Application-Experience/Program-Inventory,2700,2992,WIN-TBJN73HR3NM,0,S-1-5-18,,,,,,,,,,,False,C:\Users\chua0\Downloads\new\evtx_dir\file.968.0xfffffa80038a7010.evtx,0x800000000000000,0,"{""UserData"":{""IEAddOnChangeInfoEvent"":{""Name"":""InformationCardSigninHelper Class"",""Type"":""ActiveX"",""Publisher"":""Microsoft Corporation"",""CLSID"":""19916e01-b44e-4e31-94a4-4696df46157b"",""FileName"":""icardie.dll"",""FileID"":""000001ea13fd7daac87d64edf7cdf5369a39ac80c5ef"",""Language"":""1033"",""FileVersion"":""8.00.7600.16385(win7_rtm.090713-1255)""}}}"
36,36,2025-02-04 14:30:37.7533399,904,Info,Microsoft-Windows-Application-Experience,Microsoft-Windows-Application-Experience/Program-Inventory,2700,2992,WIN-TBJN73HR3NM,0,S-1-5-18,,,,,,,,,,,False,C:\Users\chua0\Downloads\new\evtx_dir\file.968.0xfffffa80038a7010.evtx,0x800000000000000,0,"{""UserData"":{""ProgramChangeInfoEvent"":{""Name"":""Exterro FTK Imager"",""Version"":""4.7.3.81"",""Publisher"":""Exterro"",""Language"":""1033"",""Source"":""Msi"",""ProgramID"":""00006f075437189fc2ede3096ad68dc7e5a200000904"",""FileInstanceID"":""0000b039a6ef0ac852e38a72418b9ac92363d82a6f2b"",""MsiProductCode"":""{EE0A4225-C799-46F8-BF8C-33794E24547E}"",""MsiPackageCode"":""{9CDC3BC3-C33C-4D3F-B9E6-D7AF4A01B1A3}""}}}"
37,37,2025-02-04 14:30:38.2525408,800,Info,Microsoft-Windows-Application-Experience,Microsoft-Windows-Application-Experience/Program-Inventory,2700,2992,WIN-TBJN73HR3NM,0,S-1-5-18,,,,,,,,,,,False,C:\Users\chua0\Downloads\new\evtx_dir\file.968.0xfffffa80038a7010.evtx,0x800000000000000,0,"{""UserData"":{""SessionInfoEvent"":{""StartTime"":""2025-02-04 14:30:35.7565364"",""StopTime"":""2025-02-04 14:30:38.2525408"",""ExitCode"":""223"",""NumNewPrograms"":""1"",""NumRemovedPrograms"":""0"",""NumUpdatedPrograms"":""0"",""NumInstalledPrograms"":""1"",""NumNewOrphans"":""67"",""NumNewAddOns"":""35"",""NumRemovedAddOns"":""0"",""NumUpdatedAddOns"":""0"",""NumInstalledAddOns"":""35"",""NumNewInstallations"":""0""}}}"
1,1,2025-02-04 14:30:37.7533399,900,Info,Microsoft-Windows-Application-Experience,Microsoft-Windows-Application-Experience/Program-Inventory,2700,2992,WIN-TBJN73HR3NM,0,S-1-5-18,,,,,,,,,,,False,C:\Users\chua0\Downloads\new\evtx_dir\file.968.0xfffffa80038ab610.evtx,0x800000000000000,0,"{""UserData"":{""IEAddOnChangeInfoEvent"":{""Name"":""XML HTTP"",""Type"":""ActiveX"",""Publisher"":""Microsoft Corporation"",""CLSID"":""f6d90f16-9c73-11d3-b32e-00c04f990bb4"",""FileName"":""msxml3.dll"",""FileID"":""0000e7055d6cacb8c3fae06dc10ad480c8e6b8b7b592"",""Language"":""0"",""FileVersion"":""8.110.7601.17514""}}}"
2,2,2025-02-04 14:30:37.7533399,900,Info,Microsoft-Windows-Application-Experience,Microsoft-Windows-Application-Experience/Program-Inventory,2700,2992,WIN-TBJN73HR3NM,0,S-1-5-18,,,,,,,,,,,False,C:\Users\chua0\Downloads\new\evtx_dir\file.968.0xfffffa80038ab610.evtx,0x800000000000000,0,"{""UserData"":{""IEAddOnChangeInfoEvent"":{""Name"":""XML Data Source Object"",""Type"":""ActiveX"",""Publisher"":""Microsoft Corporation"",""CLSID"":""f6d90f14-9c73-11d3-b32e-00c04f990bb4"",""FileName"":""msxml3.dll"",""FileID"":""0000e7055d6cacb8c3fae06dc10ad480c8e6b8b7b592"",""Language"":""0"",""FileVersion"":""8.110.7601.17514""}}}"
3,3,2025-02-04 14:30:37.7533399,900,Info,Microsoft-Windows-Application-Experience,Microsoft-Windows-Application-Experience/Program-Inventory,2700,2992,WIN-TBJN73HR3NM,0,S-1-5-18,,,,,,,,,,,False,C:\Users\chua0\Downloads\new\evtx_dir\file.968.0xfffffa80038ab610.evtx,0x800000000000000,0,"{""UserData"":{""IEAddOnChangeInfoEvent"":{""Name"":""Free Threaded XML DOM Document"",""Type"":""ActiveX"",""Publisher"":""Microsoft Corporation"",""CLSID"":""f6d90f12-9c73-11d3-b32e-00c04f990bb4"",""FileName"":""msxml3.dll"",""FileID"":""0000e7055d6cacb8c3fae06dc10ad480c8e6b8b7b592"",""Language"":""0"",""FileVersion"":""8.110.7601.17514""}}}"
4,4,2025-02-04 14:30:37.7533399,900,Info,Microsoft-Windows-Application-Experience,Microsoft-Windows-Application-Experience/Program-Inventory,2700,2992,WIN-TBJN73HR3NM,0,S-1-5-18,,,,,,,,,,,False,C:\Users\chua0\Downloads\new\evtx_dir\file.968.0xfffffa80038ab610.evtx,0x800000000000000,0,"{""UserData"":{""IEAddOnChangeInfoEvent"":{""Name"":""XML DOM Document"",""Type"":""ActiveX"",""Publisher"":""Microsoft Corporation"",""CLSID"":""f6d90f11-9c73-11d3-b32e-00c04f990bb4"",""FileName"":""msxml3.dll"",""FileID"":""0000e7055d6cacb8c3fae06dc10ad480c8e6b8b7b592"",""Language"":""0"",""FileVersion"":""8.110.7601.17514""}}}"
5,5,2025-02-04 14:30:37.7533399,900,Info,Microsoft-Windows-Application-Experience,Microsoft-Windows-Application-Experience/Program-Inventory,2700,2992,WIN-TBJN73HR3NM,0,S-1-5-18,,,,,,,,,,,False,C:\Users\chua0\Downloads\new\evtx_dir\file.968.0xfffffa80038ab610.evtx,0x800000000000000,0,"{""UserData"":{""IEAddOnChangeInfoEvent"":{""Name"":""XML Data Source Object 3.0"",""Type"":""ActiveX"",""Publisher"":""Microsoft Corporation"",""CLSID"":""f5078f39-c551-11d3-89b9-0000f81fe221"",""FileName"":""msxml3.dll"",""FileID"":""0000e7055d6cacb8c3fae06dc10ad480c8e6b8b7b592"",""Language"":""0"",""FileVersion"":""8.110.7601.17514""}}}"
6,6,2025-02-04 14:30:37.7533399,900,Info,Microsoft-Windows-Application-Experience,Microsoft-Windows-Application-Experience/Program-Inventory,2700,2992,WIN-TBJN73HR3NM,0,S-1-5-18,,,,,,,,,,,False,C:\Users\chua0\Downloads\new\evtx_dir\file.968.0xfffffa80038ab610.evtx,0x800000000000000,0,"{""UserData"":{""IEAddOnChangeInfoEvent"":{""Name"":""XSL Template 3.0"",""Type"":""ActiveX"",""Publisher"":""Microsoft Corporation"",""CLSID"":""f5078f36-c551-11d3-89b9-0000f81fe221"",""FileName"":""msxml3.dll"",""FileID"":""0000e7055d6cacb8c3fae06dc10ad480c8e6b8b7b592"",""Language"":""0"",""FileVersion"":""8.110.7601.17514""}}}"
7,7,2025-02-04 14:30:37.7533399,900,Info,Microsoft-Windows-Application-Experience,Microsoft-Windows-Application-Experience/Program-Inventory,2700,2992,WIN-TBJN73HR3NM,0,S-1-5-18,,,,,,,,,,,False,C:\Users\chua0\Downloads\new\evtx_dir\file.968.0xfffffa80038ab610.evtx,0x800000000000000,0,"{""UserData"":{""IEAddOnChangeInfoEvent"":{""Name"":""XML HTTP 3.0"",""Type"":""ActiveX"",""Publisher"":""Microsoft Corporation"",""CLSID"":""f5078f35-c551-11d3-89b9-0000f81fe221"",""FileName"":""msxml3.dll"",""FileID"":""0000e7055d6cacb8c3fae06dc10ad480c8e6b8b7b592"",""Language"":""0"",""FileVersion"":""8.110.7601.17514""}}}"
8,8,2025-02-04 14:30:37.7533399,900,Info,Microsoft-Windows-Application-Experience,Microsoft-Windows-Application-Experience/Program-Inventory,2700,2992,WIN-TBJN73HR3NM,0,S-1-5-18,,,,,,,,,,,False,C:\Users\chua0\Downloads\new\evtx_dir\file.968.0xfffffa80038ab610.evtx,0x800000000000000,0,"{""UserData"":{""IEAddOnChangeInfoEvent"":{""Name"":""XML Schema Cache 3.0"",""Type"":""ActiveX"",""Publisher"":""Microsoft Corporation"",""CLSID"":""f5078f34-c551-11d3-89b9-0000f81fe221"",""FileName"":""msxml3.dll"",""FileID"":""0000e7055d6cacb8c3fae06dc10ad480c8e6b8b7b592"",""Language"":""0"",""FileVersion"":""8.110.7601.17514""}}}"
9,9,2025-02-04 14:30:37.7533399,900,Info,Microsoft-Windows-Application-Experience,Microsoft-Windows-Application-Experience/Program-Inventory,2700,2992,WIN-TBJN73HR3NM,0,S-1-5-18,,,,,,,,,,,False,C:\Users\chua0\Downloads\new\evtx_dir\file.968.0xfffffa80038ab610.evtx,0x800000000000000,0,"{""UserData"":{""IEAddOnChangeInfoEvent"":{""Name"":""Free Threaded XML DOM Document 3.0"",""Type"":""ActiveX"",""Publisher"":""Microsoft Corporation"",""CLSID"":""f5078f33-c551-11d3-89b9-0000f81fe221"",""FileName"":""msxml3.dll"",""FileID"":""0000e7055d6cacb8c3fae06dc10ad480c8e6b8b7b592"",""Language"":""0"",""FileVersion"":""8.110.7601.17514""}}}"
10,10,2025-02-04 14:30:37.7533399,900,Info,Microsoft-Windows-Application-Experience,Microsoft-Windows-Application-Experience/Program-Inventory,2700,2992,WIN-TBJN73HR3NM,0,S-1-5-18,,,,,,,,,,,False,C:\Users\chua0\Downloads\new\evtx_dir\file.968.0xfffffa80038ab610.evtx,0x800000000000000,0,"{""UserData"":{""IEAddOnChangeInfoEvent"":{""Name"":""XML DOM Document 3.0"",""Type"":""ActiveX"",""Publisher"":""Microsoft Corporation"",""CLSID"":""f5078f32-c551-11d3-89b9-0000f81fe221"",""FileName"":""msxml3.dll"",""FileID"":""0000e7055d6cacb8c3fae06dc10ad480c8e6b8b7b592"",""Language"":""0"",""FileVersion"":""8.110.7601.17514""}}}"
11,11,2025-02-04 14:30:37.7533399,900,Info,Microsoft-Windows-Application-Experience,Microsoft-Windows-Application-Experience/Program-Inventory,2700,2992,WIN-TBJN73HR3NM,0,S-1-5-18,,,,,,,,,,,False,C:\Users\chua0\Downloads\new\evtx_dir\file.968.0xfffffa80038ab610.evtx,0x800000000000000,0,"{""UserData"":{""IEAddOnChangeInfoEvent"":{""Name"":""Scripting.Dictionary"",""Type"":""ActiveX"",""Publisher"":""Microsoft Corporation"",""CLSID"":""ee09b103-97e0-11cf-978f-00a02463e06f"",""FileName"":""scrrun.dll"",""FileID"":""0000243c82daa5f5d1a8c3e9fa305db33ee91907b60f"",""Language"":""1033"",""FileVersion"":""5.8.7600.16385""}}}"
12,12,2025-02-04 14:30:37.7533399,900,Info,Microsoft-Windows-Application-Experience,Microsoft-Windows-Application-Experience/Program-Inventory,2700,2992,WIN-TBJN73HR3NM,0,S-1-5-18,,,,,,,,,,,False,C:\Users\chua0\Downloads\new\evtx_dir\file.968.0xfffffa80038ab610.evtx,0x800000000000000,0,"{""UserData"":{""IEAddOnChangeInfoEvent"":{""Name"":""OleInstall Class"",""Type"":""ActiveX"",""Publisher"":""Microsoft Corporation"",""CLSID"":""c3701884-b39b-11d1-9d68-00c04fc30df6"",""FileName"":""oleprn.dll"",""FileID"":""0000dbe7e379e77aa93c26456a787169d70a1cd7bb37"",""Language"":""1033"",""FileVersion"":""6.1.7600.16385(win7_rtm.090713-1255)""}}}"
13,13,2025-02-04 14:30:37.7533399,900,Info,Microsoft-Windows-Application-Experience,Microsoft-Windows-Application-Experience/Program-Inventory,2700,2992,WIN-TBJN73HR3NM,0,S-1-5-18,,,,,,,,,,,False,C:\Users\chua0\Downloads\new\evtx_dir\file.968.0xfffffa80038ab610.evtx,0x800000000000000,0,"{""UserData"":{""IEAddOnChangeInfoEvent"":{""Name"":""RMGetLicense Class"",""Type"":""ActiveX"",""Publisher"":""Microsoft Corporation"",""CLSID"":""a9fc132b-096d-460b-b7d5-1db0fae0c062"",""FileName"":""msnetobj.dll"",""FileID"":""0000d53f369d595d97213da95e643a414d6aa6a0e6b2"",""Language"":""1033"",""FileVersion"":""11.0.7601.17514""}}}"
14,14,2025-02-04 14:30:37.7533399,900,Info,Microsoft-Windows-Application-Experience,Microsoft-Windows-Application-Experience/Program-Inventory,2700,2992,WIN-TBJN73HR3NM,0,S-1-5-18,,,,,,,,,,,False,C:\Users\chua0\Downloads\new\evtx_dir\file.968.0xfffffa80038ab610.evtx,0x800000000000000,0,"{""UserData"":{""IEAddOnChangeInfoEvent"":{""Name"":""prturl Class"",""Type"":""ActiveX"",""Publisher"":""Microsoft Corporation"",""CLSID"":""92337a8c-e11d-11d0-be48-00c04fc30df6"",""FileName"":""oleprn.dll"",""FileID"":""0000dbe7e379e77aa93c26456a787169d70a1cd7bb37"",""Language"":""1033"",""FileVersion"":""6.1.7600.16385(win7_rtm.090713-1255)""}}}"
15,15,2025-02-04 14:30:37.7533399,900,Info,Microsoft-Windows-Application-Experience,Microsoft-Windows-Application-Experience/Program-Inventory,2700,2992,WIN-TBJN73HR3NM,0,S-1-5-18,,,,,,,,,,,False,C:\Users\chua0\Downloads\new\evtx_dir\file.968.0xfffffa80038ab610.evtx,0x800000000000000,0,"{""UserData"":{""IEAddOnChangeInfoEvent"":{""Name"":""Registration Control"",""Type"":""ActiveX"",""Publisher"":""Microsoft Corporation"",""CLSID"":""8e4062d9-fe1b-4b9e-aa16-5e8eef68f48e"",""FileName"":""RegCtrl.dll"",""FileID"":""0000fbfb589af1f264af88b879f8aaf16475d499e737"",""Language"":""1033"",""FileVersion"":""6.1.7600.16385(win7_rtm.090713-1255)""}}}"
16,16,2025-02-04 14:30:37.7533399,900,Info,Microsoft-Windows-Application-Experience,Microsoft-Windows-Application-Experience/Program-Inventory,2700,2992,WIN-TBJN73HR3NM,0,S-1-5-18,,,,,,,,,,,False,C:\Users\chua0\Downloads\new\evtx_dir\file.968.0xfffffa80038ab610.evtx,0x800000000000000,0,"{""UserData"":{""IEAddOnChangeInfoEvent"":{""Name"":""XML HTTP 6.0"",""Type"":""ActiveX"",""Publisher"":""Microsoft Corporation"",""CLSID"":""88d96a0a-f192-11d4-a65f-0040963251e5"",""FileName"":""msxml6.dll"",""FileID"":""0000a767e893427f9b24fe06cbb3a155dd54162a402a"",""Language"":""0"",""FileVersion"":""6.30.7601.17514""}}}"
17,17,2025-02-04 14:30:37.7533399,900,Info,Microsoft-Windows-Application-Experience,Microsoft-Windows-Application-Experience/Program-Inventory,2700,2992,WIN-TBJN73HR3NM,0,S-1-5-18,,,,,,,,,,,False,C:\Users\chua0\Downloads\new\evtx_dir\file.968.0xfffffa80038ab610.evtx,0x800000000000000,0,"{""UserData"":{""IEAddOnChangeInfoEvent"":{""Name"":""XSL Template 6.0"",""Type"":""ActiveX"",""Publisher"":""Microsoft Corporation"",""CLSID"":""88d96a08-f192-11d4-a65f-0040963251e5"",""FileName"":""msxml6.dll"",""FileID"":""0000a767e893427f9b24fe06cbb3a155dd54162a402a"",""Language"":""0"",""FileVersion"":""6.30.7601.17514""}}}"
18,18,2025-02-04 14:30:37.7533399,900,Info,Microsoft-Windows-Application-Experience,Microsoft-Windows-Application-Experience/Program-Inventory,2700,2992,WIN-TBJN73HR3NM,0,S-1-5-18,,,,,,,,,,,False,C:\Users\chua0\Downloads\new\evtx_dir\file.968.0xfffffa80038ab610.evtx,0x800000000000000,0,"{""UserData"":{""IEAddOnChangeInfoEvent"":{""Name"":""XML Schema Cache 6.0"",""Type"":""ActiveX"",""Publisher"":""Microsoft Corporation"",""CLSID"":""88d96a07-f192-11d4-a65f-0040963251e5"",""FileName"":""msxml6.dll"",""FileID"":""0000a767e893427f9b24fe06cbb3a155dd54162a402a"",""Language"":""0"",""FileVersion"":""6.30.7601.17514""}}}"
19,19,2025-02-04 14:30:37.7533399,900,Info,Microsoft-Windows-Application-Experience,Microsoft-Windows-Application-Experience/Program-Inventory,2700,2992,WIN-TBJN73HR3NM,0,S-1-5-18,,,,,,,,,,,False,C:\Users\chua0\Downloads\new\evtx_dir\file.968.0xfffffa80038ab610.evtx,0x800000000000000,0,"{""UserData"":{""IEAddOnChangeInfoEvent"":{""Name"":""Free Threaded XML DOM Document 6.0"",""Type"":""ActiveX"",""Publisher"":""Microsoft Corporation"",""CLSID"":""88d96a06-f192-11d4-a65f-0040963251e5"",""FileName"":""msxml6.dll"",""FileID"":""0000a767e893427f9b24fe06cbb3a155dd54162a402a"",""Language"":""0"",""FileVersion"":""6.30.7601.17514""}}}"
20,20,2025-02-04 14:30:37.7533399,900,Info,Microsoft-Windows-Application-Experience,Microsoft-Windows-Application-Experience/Program-Inventory,2700,2992,WIN-TBJN73HR3NM,0,S-1-5-18,,,,,,,,,,,False,C:\Users\chua0\Downloads\new\evtx_dir\file.968.0xfffffa80038ab610.evtx,0x800000000000000,0,"{""UserData"":{""IEAddOnChangeInfoEvent"":{""Name"":""XML DOM Document 6.0"",""Type"":""ActiveX"",""Publisher"":""Microsoft Corporation"",""CLSID"":""88d96a05-f192-11d4-a65f-0040963251e5"",""FileName"":""msxml6.dll"",""FileID"":""0000a767e893427f9b24fe06cbb3a155dd54162a402a"",""Language"":""0"",""FileVersion"":""6.30.7601.17514""}}}"
21,21,2025-02-04 14:30:37.7533399,900,Info,Microsoft-Windows-Application-Experience,Microsoft-Windows-Application-Experience/Program-Inventory,2700,2992,WIN-TBJN73HR3NM,0,S-1-5-18,,,,,,,,,,,False,C:\Users\chua0\Downloads\new\evtx_dir\file.968.0xfffffa80038ab610.evtx,0x800000000000000,0,"{""UserData"":{""IEAddOnChangeInfoEvent"":{""Name"":""X509 Machine Enrollment Factory"",""Type"":""ActiveX"",""Publisher"":""Microsoft Corporation"",""CLSID"":""884e2051-217d-11da-b2a4-000e7bbb2b09"",""FileName"":""CertEnroll.dll"",""FileID"":""0000cee23e7afce68bc02ed0912a3dab110528be66cb"",""Language"":""1033"",""FileVersion"":""6.1.7600.16385(win7_rtm.090713-1255)""}}}"
22,22,2025-02-04 14:30:37.7533399,900,Info,Microsoft-Windows-Application-Experience,Microsoft-Windows-Application-Experience/Program-Inventory,2700,2992,WIN-TBJN73HR3NM,0,S-1-5-18,,,,,,,,,,,False,C:\Users\chua0\Downloads\new\evtx_dir\file.968.0xfffffa80038ab610.evtx,0x800000000000000,0,"{""UserData"":{""IEAddOnChangeInfoEvent"":{""Name"":""X509 Enrollment WebClassFactory"",""Type"":""ActiveX"",""Publisher"":""Microsoft Corporation"",""CLSID"":""884e2049-217d-11da-b2a4-000e7bbb2b09"",""FileName"":""CertEnrollCtrl.exe"",""FileID"":""0000c6f773d69ed859ae48a767e439dd24dca9cbc45e"",""Language"":""1033"",""FileVersion"":""6.1.7600.16385(win7_rtm.090713-1255)""}}}"
23,23,2025-02-04 14:30:37.7533399,900,Info,Microsoft-Windows-Application-Experience,Microsoft-Windows-Application-Experience/Program-Inventory,2700,2992,WIN-TBJN73HR3NM,0,S-1-5-18,,,,,,,,,,,False,C:\Users\chua0\Downloads\new\evtx_dir\file.968.0xfffffa80038ab610.evtx,0x800000000000000,0,"{""UserData"":{""IEAddOnChangeInfoEvent"":{""Name"":""Windows Media Services DRM Storage object"",""Type"":""ActiveX"",""Publisher"":""Microsoft Corporation"",""CLSID"":""760c4b83-e211-11d2-bf3e-00805fbe84a6"",""FileName"":""msnetobj.dll"",""FileID"":""0000d53f369d595d97213da95e643a414d6aa6a0e6b2"",""Language"":""1033"",""FileVersion"":""11.0.7601.17514""}}}"
24,24,2025-02-04 14:30:37.7533399,900,Info,Microsoft-Windows-Application-Experience,Microsoft-Windows-Application-Experience/Program-Inventory,2700,2992,WIN-TBJN73HR3NM,0,S-1-5-18,,,,,,,,,,,False,C:\Users\chua0\Downloads\new\evtx_dir\file.968.0xfffffa80038ab610.evtx,0x800000000000000,0,"{""UserData"":{""IEAddOnChangeInfoEvent"":{""Name"":""Windows Media Player"",""Type"":""ActiveX"",""Publisher"":""Microsoft Corporation"",""CLSID"":""6bf52a52-394a-11d3-b153-00c04f79faa6"",""FileName"":""wmp.dll"",""FileID"":""00006d08eb142d0fc76f05c332194eacf28ca635016b"",""Language"":""1033"",""FileVersion"":""12.0.7601.17514(win7sp1_rtm.101119-1850)""}}}"
25,25,2025-02-04 14:30:37.7533399,900,Info,Microsoft-Windows-Application-Experience,Microsoft-Windows-Application-Experience/Program-Inventory,2700,2992,WIN-TBJN73HR3NM,0,S-1-5-18,,,,,,,,,,,False,C:\Users\chua0\Downloads\new\evtx_dir\file.968.0xfffffa80038ab610.evtx,0x800000000000000,0,"{""UserData"":{""IEAddOnChangeInfoEvent"":{""Name"":""OleCvt Class"",""Type"":""ActiveX"",""Publisher"":""Microsoft Corporation"",""CLSID"":""65303443-ad66-11d1-9d65-00c04fc30df6"",""FileName"":""oleprn.dll"",""FileID"":""0000dbe7e379e77aa93c26456a787169d70a1cd7bb37"",""Language"":""1033"",""FileVersion"":""6.1.7600.16385(win7_rtm.090713-1255)""}}}"
26,26,2025-02-04 14:30:37.7533399,900,Info,Microsoft-Windows-Application-Experience,Microsoft-Windows-Application-Experience/Program-Inventory,2700,2992,WIN-TBJN73HR3NM,0,S-1-5-18,,,,,,,,,,,False,C:\Users\chua0\Downloads\new\evtx_dir\file.968.0xfffffa80038ab610.evtx,0x800000000000000,0,"{""UserData"":{""IEAddOnChangeInfoEvent"":{""Name"":""Microsoft Shell UI Helper"",""Type"":""ActiveX"",""Publisher"":""Microsoft Corporation"",""CLSID"":""64ab4bb7-111e-11d1-8f79-00c04fc2fbe1"",""FileName"":""ieframe.dll"",""FileID"":""0000639946c23b630798284a92117882990ea31d702e"",""Language"":""1033"",""FileVersion"":""8.00.7600.16385(win7_rtm.090713-1255)""}}}"
27,27,2025-02-04 14:30:37.7533399,900,Info,Microsoft-Windows-Application-Experience,Microsoft-Windows-Application-Experience/Program-Inventory,2700,2992,WIN-TBJN73HR3NM,0,S-1-5-18,,,,,,,,,,,False,C:\Users\chua0\Downloads\new\evtx_dir\file.968.0xfffffa80038ab610.evtx,0x800000000000000,0,"{""UserData"":{""IEAddOnChangeInfoEvent"":{""Name"":""OleSNMP Class"",""Type"":""ActiveX"",""Publisher"":""Microsoft Corporation"",""CLSID"":""4f664f91-ff01-11d0-8aed-00c04fd7b597"",""FileName"":""oleprn.dll"",""FileID"":""0000dbe7e379e77aa93c26456a787169d70a1cd7bb37"",""Language"":""1033"",""FileVersion"":""6.1.7600.16385(win7_rtm.090713-1255)""}}}"
28,28,2025-02-04 14:30:37.7533399,900,Info,Microsoft-Windows-Application-Experience,Microsoft-Windows-Application-Experience/Program-Inventory,2700,2992,WIN-TBJN73HR3NM,0,S-1-5-18,,,,,,,,,,,False,C:\Users\chua0\Downloads\new\evtx_dir\file.968.0xfffffa80038ab610.evtx,0x800000000000000,0,"{""UserData"":{""IEAddOnChangeInfoEvent"":{""Name"":""DSPrintQueue Class"",""Type"":""ActiveX"",""Publisher"":""Microsoft Corporation"",""CLSID"":""435899c9-44ab-11d1-af00-080036234103"",""FileName"":""oleprn.dll"",""FileID"":""0000dbe7e379e77aa93c26456a787169d70a1cd7bb37"",""Language"":""1033"",""FileVersion"":""6.1.7600.16385(win7_rtm.090713-1255)""}}}"
29,29,2025-02-04 14:30:37.7533399,900,Info,Microsoft-Windows-Application-Experience,Microsoft-Windows-Application-Experience/Program-Inventory,2700,2992,WIN-TBJN73HR3NM,0,S-1-5-18,,,,,,,,,,,False,C:\Users\chua0\Downloads\new\evtx_dir\file.968.0xfffffa80038ab610.evtx,0x800000000000000,0,"{""UserData"":{""IEAddOnChangeInfoEvent"":{""Name"":""oleprn Class"",""Type"":""ActiveX"",""Publisher"":""Microsoft Corporation"",""CLSID"":""3e4d4f1c-2aee-11d1-9d3d-00c04fc30df6"",""FileName"":""oleprn.dll"",""FileID"":""0000dbe7e379e77aa93c26456a787169d70a1cd7bb37"",""Language"":""1033"",""FileVersion"":""6.1.7600.16385(win7_rtm.090713-1255)""}}}"
30,30,2025-02-04 14:30:37.7533399,900,Info,Microsoft-Windows-Application-Experience,Microsoft-Windows-Application-Experience/Program-Inventory,2700,2992,WIN-TBJN73HR3NM,0,S-1-5-18,,,,,,,,,,,False,C:\Users\chua0\Downloads\new\evtx_dir\file.968.0xfffffa80038ab610.evtx,0x800000000000000,0,"{""UserData"":{""IEAddOnChangeInfoEvent"":{""Name"":""XML Schema Cache"",""Type"":""ActiveX"",""Publisher"":""Microsoft Corporation"",""CLSID"":""373984c9-b845-449b-91e7-45ac83036ade"",""FileName"":""msxml3.dll"",""FileID"":""0000e7055d6cacb8c3fae06dc10ad480c8e6b8b7b592"",""Language"":""0"",""FileVersion"":""8.110.7601.17514""}}}"
31,31,2025-02-04 14:30:37.7533399,900,Info,Microsoft-Windows-Application-Experience,Microsoft-Windows-Application-Experience/Program-Inventory,2700,2992,WIN-TBJN73HR3NM,0,S-1-5-18,,,,,,,,,,,False,C:\Users\chua0\Downloads\new\evtx_dir\file.968.0xfffffa80038ab610.evtx,0x800000000000000,0,"{""UserData"":{""IEAddOnChangeInfoEvent"":{""Name"":""Tabular Data Control"",""Type"":""ActiveX"",""Publisher"":""Microsoft Corporation"",""CLSID"":""333c7bc4-460f-11d0-bc04-0080c7055a83"",""FileName"":""tdc.ocx"",""FileID"":""0000453dd24332817649f8c5bcc67523ecbb2bdee76f"",""Language"":""1033"",""FileVersion"":""8.00.7600.16385(win7_rtm.090713-1255)""}}}"
32,32,2025-02-04 14:30:37.7533399,900,Info,Microsoft-Windows-Application-Experience,Microsoft-Windows-Application-Experience/Program-Inventory,2700,2992,WIN-TBJN73HR3NM,0,S-1-5-18,,,,,,,,,,,False,C:\Users\chua0\Downloads\new\evtx_dir\file.968.0xfffffa80038ab610.evtx,0x800000000000000,0,"{""UserData"":{""IEAddOnChangeInfoEvent"":{""Name"":""HtmlDlgSafeHelper Class"",""Type"":""ActiveX"",""Publisher"":""Microsoft Corporation"",""CLSID"":""3050f819-98b5-11cf-bb82-00aa00bdce0b"",""FileName"":""mshtmled.dll"",""FileID"":""000089dc827f5fecfe97fd45c50ed01d3b44aefbd073"",""Language"":""1033"",""FileVersion"":""8.00.7601.17514(win7sp1_rtm.101119-1850)""}}}"
33,33,2025-02-04 14:30:37.7533399,900,Info,Microsoft-Windows-Application-Experience,Microsoft-Windows-Application-Experience/Program-Inventory,2700,2992,WIN-TBJN73HR3NM,0,S-1-5-18,,,,,,,,,,,False,C:\Users\chua0\Downloads\new\evtx_dir\file.968.0xfffffa80038ab610.evtx,0x800000000000000,0,"{""UserData"":{""IEAddOnChangeInfoEvent"":{""Name"":""XSL Template"",""Type"":""ActiveX"",""Publisher"":""Microsoft Corporation"",""CLSID"":""2933bf94-7b36-11d2-b20e-00c04f983e60"",""FileName"":""msxml3.dll"",""FileID"":""0000e7055d6cacb8c3fae06dc10ad480c8e6b8b7b592"",""Language"":""0"",""FileVersion"":""8.110.7601.17514""}}}"
34,34,2025-02-04 14:30:37.7533399,900,Info,Microsoft-Windows-Application-Experience,Microsoft-Windows-Application-Experience/Program-Inventory,2700,2992,WIN-TBJN73HR3NM,0,S-1-5-18,,,,,,,,,,,False,C:\Users\chua0\Downloads\new\evtx_dir\file.968.0xfffffa80038ab610.evtx,0x800000000000000,0,"{""UserData"":{""IEAddOnChangeInfoEvent"":{""Name"":""XML DOM Document"",""Type"":""ActiveX"",""Publisher"":""Microsoft Corporation"",""CLSID"":""2933bf90-7b36-11d2-b20e-00c04f983e60"",""FileName"":""msxml3.dll"",""FileID"":""0000e7055d6cacb8c3fae06dc10ad480c8e6b8b7b592"",""Language"":""0"",""FileVersion"":""8.110.7601.17514""}}}"
35,35,2025-02-04 14:30:37.7533399,900,Info,Microsoft-Windows-Application-Experience,Microsoft-Windows-Application-Experience/Program-Inventory,2700,2992,WIN-TBJN73HR3NM,0,S-1-5-18,,,,,,,,,,,False,C:\Users\chua0\Downloads\new\evtx_dir\file.968.0xfffffa80038ab610.evtx,0x800000000000000,0,"{""UserData"":{""IEAddOnChangeInfoEvent"":{""Name"":""InformationCardSigninHelper Class"",""Type"":""ActiveX"",""Publisher"":""Microsoft Corporation"",""CLSID"":""19916e01-b44e-4e31-94a4-4696df46157b"",""FileName"":""icardie.dll"",""FileID"":""000001ea13fd7daac87d64edf7cdf5369a39ac80c5ef"",""Language"":""1033"",""FileVersion"":""8.00.7600.16385(win7_rtm.090713-1255)""}}}"
36,36,2025-02-04 14:30:37.7533399,904,Info,Microsoft-Windows-Application-Experience,Microsoft-Windows-Application-Experience/Program-Inventory,2700,2992,WIN-TBJN73HR3NM,0,S-1-5-18,,,,,,,,,,,False,C:\Users\chua0\Downloads\new\evtx_dir\file.968.0xfffffa80038ab610.evtx,0x800000000000000,0,"{""UserData"":{""ProgramChangeInfoEvent"":{""Name"":""Exterro FTK Imager"",""Version"":""4.7.3.81"",""Publisher"":""Exterro"",""Language"":""1033"",""Source"":""Msi"",""ProgramID"":""00006f075437189fc2ede3096ad68dc7e5a200000904"",""FileInstanceID"":""0000b039a6ef0ac852e38a72418b9ac92363d82a6f2b"",""MsiProductCode"":""{EE0A4225-C799-46F8-BF8C-33794E24547E}"",""MsiPackageCode"":""{9CDC3BC3-C33C-4D3F-B9E6-D7AF4A01B1A3}""}}}"
37,37,2025-02-04 14:30:38.2525408,800,Info,Microsoft-Windows-Application-Experience,Microsoft-Windows-Application-Experience/Program-Inventory,2700,2992,WIN-TBJN73HR3NM,0,S-1-5-18,,,,,,,,,,,False,C:\Users\chua0\Downloads\new\evtx_dir\file.968.0xfffffa80038ab610.evtx,0x800000000000000,0,"{""UserData"":{""SessionInfoEvent"":{""StartTime"":""2025-02-04 14:30:35.7565364"",""StopTime"":""2025-02-04 14:30:38.2525408"",""ExitCode"":""223"",""NumNewPrograms"":""1"",""NumRemovedPrograms"":""0"",""NumUpdatedPrograms"":""0"",""NumInstalledPrograms"":""1"",""NumNewOrphans"":""67"",""NumNewAddOns"":""35"",""NumRemovedAddOns"":""0"",""NumUpdatedAddOns"":""0"",""NumInstalledAddOns"":""35"",""NumNewInstallations"":""0""}}}"
1,1,2025-02-05 05:15:15.8401411,1016,Info,Microsoft-Windows-ReadyBoost,Microsoft-Windows-ReadyBoost/Operational,840,1548,37L4247F27-25,0,S-1-5-18,,,,,,,,,,,False,C:\Users\chua0\Downloads\new\evtx_dir\file.968.0xfffffa8003972df0.evtx,0x8000000000002000,0,"{""EventData"":{""Data"":[{""@Name"":""BootPlanTimestamp"",""#text"":""2025-02-04 21:15:14.9353395""},{""@Name"":""ErrorCode"",""#text"":""232""},{""@Name"":""Duration (ms)"",""#text"":""904""},{""@Name"":""Reason"",""#text"":""0""}]}}"
2,2,2025-02-04 13:17:24.0243030,1015,Info,Microsoft-Windows-ReadyBoost,Microsoft-Windows-ReadyBoost/Operational,896,2804,WIN-TBJN73HR3NM,0,S-1-5-18,,,,,,,,,,,False,C:\Users\chua0\Downloads\new\evtx_dir\file.968.0xfffffa8003972df0.evtx,0x8000000000002000,0,"{""EventData"":{""Data"":[{""@Name"":""RB_IoReadBytes"",""#text"":""804930560""},{""@Name"":""RB_CacheHitBytes"",""#text"":""0""},{""@Name"":""RB_PrefetchBytes"",""#text"":""0""},{""@Name"":""RB_CacheHitPercentage"",""#text"":""0""},{""@Name"":""RB_IoReadCount"",""#text"":""31075""},{""@Name"":""RB_CacheHitCount"",""#text"":""0""},{""@Name"":""RB_PrefetchReadCount"",""#text"":""0""},{""@Name"":""RB_PrefetchDiskTimeUs"",""#text"":""0""}]}}"
3,3,2025-02-04 13:17:24.2583034,1016,Info,Microsoft-Windows-ReadyBoost,Microsoft-Windows-ReadyBoost/Operational,896,2804,WIN-TBJN73HR3NM,0,S-1-5-18,,,,,,,,,,,False,C:\Users\chua0\Downloads\new\evtx_dir\file.968.0xfffffa8003972df0.evtx,0x8000000000002000,0,"{""EventData"":{""Data"":[{""@Name"":""BootPlanTimestamp"",""#text"":""2025-02-04 21:17:23.9151028""},{""@Name"":""ErrorCode"",""#text"":""0""},{""@Name"":""Duration (ms)"",""#text"":""343""},{""@Name"":""Reason"",""#text"":""0""}]}}"
4,4,2025-02-04 13:36:09.7644006,1016,Info,Microsoft-Windows-ReadyBoost,Microsoft-Windows-ReadyBoost/Operational,896,1812,WIN-TBJN73HR3NM,0,S-1-5-18,,,,,,,,,,,False,C:\Users\chua0\Downloads\new\evtx_dir\file.968.0xfffffa8003972df0.evtx,0x8000000000002000,0,"{""EventData"":{""Data"":[{""@Name"":""BootPlanTimestamp"",""#text"":""2025-02-04 21:36:09.3943795""},{""@Name"":""ErrorCode"",""#text"":""0""},{""@Name"":""Duration (ms)"",""#text"":""375""},{""@Name"":""Reason"",""#text"":""1""}]}}"
5,5,2025-02-04 13:56:52.6188303,1016,Info,Microsoft-Windows-ReadyBoost,Microsoft-Windows-ReadyBoost/Operational,896,2940,WIN-TBJN73HR3NM,0,S-1-5-18,,,,,,,,,,,False,C:\Users\chua0\Downloads\new\evtx_dir\file.968.0xfffffa8003972df0.evtx,0x8000000000002000,0,"{""EventData"":{""Data"":[{""@Name"":""BootPlanTimestamp"",""#text"":""2025-02-04 21:56:32.5916848""},{""@Name"":""ErrorCode"",""#text"":""0""},{""@Name"":""Duration (ms)"",""#text"":""20030""},{""@Name"":""Reason"",""#text"":""1""}]}}"
6,6,2025-02-04 14:06:05.5791976,1016,Info,Microsoft-Windows-ReadyBoost,Microsoft-Windows-ReadyBoost/Operational,896,2832,WIN-TBJN73HR3NM,0,S-1-5-18,,,,,,,,,,,False,C:\Users\chua0\Downloads\new\evtx_dir\file.968.0xfffffa8003972df0.evtx,0x8000000000002000,0,"{""EventData"":{""Data"":[{""@Name"":""BootPlanTimestamp"",""#text"":""2025-02-04 22:06:05.3921869""},{""@Name"":""ErrorCode"",""#text"":""0""},{""@Name"":""Duration (ms)"",""#text"":""187""},{""@Name"":""Reason"",""#text"":""1""}]}}"
7,7,2025-02-04 14:27:35.5294199,1018,Info,Microsoft-Windows-ReadyBoost,Microsoft-Windows-ReadyBoost/Operational,896,1592,WIN-TBJN73HR3NM,0,S-1-5-18,,,,,,,,,,,False,C:\Users\chua0\Downloads\new\evtx_dir\file.968.0xfffffa8003972df0.evtx,0x8000000000002000,0,"{""EventData"":{""Data"":[{""@Name"":""DiskAssessmentTimestamp"",""#text"":""2025-02-04 22:27:34.8898187""},{""@Name"":""ErrorCode"",""#text"":""1100""},{""@Name"":""Duration (ms)"",""#text"":""640""}]}}"
8,8,2025-02-04 14:36:34.7755670,1016,Info,Microsoft-Windows-ReadyBoost,Microsoft-Windows-ReadyBoost/Operational,896,196,WIN-TBJN73HR3NM,0,S-1-5-18,,,,,,,,,,,False,C:\Users\chua0\Downloads\new\evtx_dir\file.968.0xfffffa8003972df0.evtx,0x8000000000002000,0,"{""EventData"":{""Data"":[{""@Name"":""BootPlanTimestamp"",""#text"":""2025-02-04 22:36:34.4167664""},{""@Name"":""ErrorCode"",""#text"":""0""},{""@Name"":""Duration (ms)"",""#text"":""359""},{""@Name"":""Reason"",""#text"":""1""}]}}"
9,9,2025-02-04 14:40:08.5895425,1016,Info,Microsoft-Windows-ReadyBoost,Microsoft-Windows-ReadyBoost/Operational,896,612,WIN-TBJN73HR3NM,0,S-1-5-18,,,,,,,,,,,False,C:\Users\chua0\Downloads\new\evtx_dir\file.968.0xfffffa8003972df0.evtx,0x8000000000002000,0,"{""EventData"":{""Data"":[{""@Name"":""BootPlanTimestamp"",""#text"":""2025-02-04 22:40:08.4023422""},{""@Name"":""ErrorCode"",""#text"":""0""},{""@Name"":""Duration (ms)"",""#text"":""187""},{""@Name"":""Reason"",""#text"":""1""}]}}"
10,10,2025-02-04 15:47:37.8155967,1016,Info,Microsoft-Windows-ReadyBoost,Microsoft-Windows-ReadyBoost/Operational,896,1036,WIN-TBJN73HR3NM,0,S-1-5-18,,,,,,,,,,,False,C:\Users\chua0\Downloads\new\evtx_dir\file.968.0xfffffa8003972df0.evtx,0x8000000000002000,0,"{""EventData"":{""Data"":[{""@Name"":""BootPlanTimestamp"",""#text"":""2025-02-04 23:47:37.3925725""},{""@Name"":""ErrorCode"",""#text"":""0""},{""@Name"":""Duration (ms)"",""#text"":""437""},{""@Name"":""Reason"",""#text"":""1""}]}}"
1,1,2010-11-21 03:58:31.4207727,101,LogAlways,Microsoft-Windows-Windows Defender,Microsoft-Windows-Windows Defender/WHC,2272,752,37L4247F27-25,0,S-1-5-18,,,,,,,,,,,False,C:\Users\chua0\Downloads\new\evtx_dir\file.968.0xfffffa8003ed93d0.evtx,0x4000000000000000,0,"{""EventData"":{""Data"":{""@Name"":""hc_stateid"",""#text"":""2""}}}"
2,2,2025-02-04 13:18:35.2648284,101,LogAlways,Microsoft-Windows-Windows Defender,Microsoft-Windows-Windows Defender/WHC,2576,2568,WIN-TBJN73HR3NM,0,S-1-5-18,,,,,,,,,,,False,C:\Users\chua0\Downloads\new\evtx_dir\file.968.0xfffffa8003ed93d0.evtx,0x4000000000000000,0,"{""EventData"":{""Data"":{""@Name"":""hc_stateid"",""#text"":""10""}}}"
3,3,2025-02-04 13:18:37.0120315,101,LogAlways,Microsoft-Windows-Windows Defender,Microsoft-Windows-Windows Defender/WHC,2576,2644,WIN-TBJN73HR3NM,0,S-1-5-18,,,,,,,,,,,False,C:\Users\chua0\Downloads\new\evtx_dir\file.968.0xfffffa8003ed93d0.evtx,0x4000000000000000,0,"{""EventData"":{""Data"":{""@Name"":""hc_stateid"",""#text"":""10""}}}"
1,1,2010-11-21 03:58:31.4207727,101,LogAlways,Microsoft-Windows-Windows Defender,Microsoft-Windows-Windows Defender/WHC,2272,752,37L4247F27-25,0,S-1-5-18,,,,,,,,,,,False,C:\Users\chua0\Downloads\new\evtx_dir\file.968.0xfffffa8003ed94d0.evtx,0x4000000000000000,0,"{""EventData"":{""Data"":{""@Name"":""hc_stateid"",""#text"":""2""}}}"
2,2,2025-02-04 13:18:35.2648284,101,LogAlways,Microsoft-Windows-Windows Defender,Microsoft-Windows-Windows Defender/WHC,2576,2568,WIN-TBJN73HR3NM,0,S-1-5-18,,,,,,,,,,,False,C:\Users\chua0\Downloads\new\evtx_dir\file.968.0xfffffa8003ed94d0.evtx,0x4000000000000000,0,"{""EventData"":{""Data"":{""@Name"":""hc_stateid"",""#text"":""10""}}}"
3,3,2025-02-04 13:18:37.0120315,101,LogAlways,Microsoft-Windows-Windows Defender,Microsoft-Windows-Windows Defender/WHC,2576,2644,WIN-TBJN73HR3NM,0,S-1-5-18,,,,,,,,,,,False,C:\Users\chua0\Downloads\new\evtx_dir\file.968.0xfffffa8003ed94d0.evtx,0x4000000000000000,0,"{""EventData"":{""Data"":{""@Name"":""hc_stateid"",""#text"":""10""}}}"
